{
  "gameObjects": [
    {
      "components": [
        {
          "data": {
            "globalPosition": {
              "x": 0.0,
              "y": 0.0,
              "z": 0.0
            },
            "guid": "7b85f4e0-d960-2c0d-0000-cccccccccccc",
            "localPosition": {
              "x": 0.0,
              "y": 0.0,
              "z": 0.0
            },
            "rotation": {
              "x": -2.0,
              "y": 1.5,
              "z": -1.7999999523162842
            },
            "scaling": {
              "x": 1.0,
              "y": 1.0,
              "z": 1.0
            }
          },
          "name": "transform"
        },
        {
          "data": {
            "ambientColor": {
              "w": -1.399999976158142,
              "x": 1.5,
              "y": 1.0,
              "z": -2.5999999046325684
            },
            "diffuseColor": {
              "w": 1.0,
              "x": -1.0,
              "y": 2.4000000953674316,
              "z": 1.2999999523162842
            },
            "direction": {
              "x": 2.799999952316284,
              "y": 6.199999809265137,
              "z": -7.099999904632568
            },
            "id": 0,
            "specularColor": {
              "w": 1.0,
              "x": 3.9000000953674316,
              "y": -0.5,
              "z": 1.0
            }
          },
          "name": "directionalLight"
        }
      ],
      "guid": "cd48dd1d-940d-c201-0000-cccccccccccc",
      "isTerrain": false,
      "name": "World"
    },
    {
      "components": [
        {
          "data": {
            "globalPosition": {
              "x": 2.9974920749664307,
              "y": -0.09419998526573181,
              "z": -0.07853084802627563
            },
            "guid": "c4e6b04f-5011-5c9b-0000-cccccccccccc",
            "localPosition": {
              "x": 3.0,
              "y": 0.0,
              "z": 0.0
            },
            "rotation": {
              "x": 0.0,
              "y": 0.0,
              "z": 0.0
            },
            "scaling": {
              "x": 1.0,
              "y": 1.0,
              "z": 1.0
            }
          },
          "name": "transform"
        },
        {
          "data": {
            "modelPath": "C:\\Users\\Maxim\\Dev\\2023_gp_2027_gp_2027_projet_moteur-golem\\GolemEditor\\Assets\\Basics\\cube.obj",
            "shaderPath": "",
            "texturePath": "C:\\Users\\Maxim\\Dev\\2023_gp_2027_gp_2027_projet_moteur-golem\\GolemEditor\\Assets\\Icons\\default_texture.png"
          },
          "name": "meshRenderer"
        }
      ],
      "guid": "b950037c-c686-0988-0000-cccccccccccc",
      "isTerrain": false,
      "name": "ball_bald"
    },
    {
      "components": [
        {
          "data": {
            "globalPosition": {
              "x": -2.644876480102539,
              "y": 2.232710361480713,
              "z": -4.308089256286621
            },
            "guid": "e0f5e709-7441-2a46-0000-cccccccccccc",
            "localPosition": {
              "x": -2.5999999046325684,
              "y": 2.299999952316284,
              "z": -4.300000190734863
            },
            "rotation": {
              "x": -145.89999389648438,
              "y": 1.5,
              "z": -4.400000095367432
            },
            "scaling": {
              "x": 3.4000000953674316,
              "y": 3.700000047683716,
              "z": 1.100000023841858
            }
          },
          "name": "transform"
        }
      ],
      "guid": "4c91c068-b708-abb6-b2f5-924b669723ce",
      "isTerrain": true,
      "name": "Noisemap_Terrain",
      "terrainData": {
        "noisemapPath": "C:\\Users\\Maxim\\Dev\\2023_gp_2027_gp_2027_projet_moteur-golem\\GolemEditor\\Assets\\Heightmaps\\heightmap3.jpeg",
        "xResolution": 300,
        "zResolution": 300
      }
    },
    {
      "components": [
        {
          "data": {
            "globalPosition": {
              "x": -0.11715055257081985,
              "y": -0.14646033942699432,
              "z": -4.295907974243164
            },
            "guid": "41d80241-c536-9cfc-0000-cccccccccccc",
            "localPosition": {
              "x": 0.0,
              "y": 0.0,
              "z": -4.300000190734863
            },
            "rotation": {
              "x": 0.0,
              "y": 0.0,
              "z": 0.0
            },
            "scaling": {
              "x": 1.5,
              "y": 1.2000000476837158,
              "z": 2.299999952316284
            }
          },
          "name": "transform"
        }
      ],
      "guid": "b8dc7f8d-178c-b737-a99d-8be74e1f2f29",
      "isTerrain": true,
      "name": "Default_Terrain",
      "terrainData": {
        "noisemapPath": "",
        "xResolution": 45,
        "zResolution": 4
      }
    },
    {
      "components": [
        {
          "data": {
            "globalPosition": {
              "x": 1.7984952926635742,
              "y": -0.05651998892426491,
              "z": -0.04711850732564926
            },
            "guid": "f5b4ac69-7cf5-5c59-1ba1-733e6903be89",
            "localPosition": {
              "x": 1.7999999523162842,
              "y": 0.0,
              "z": 0.0
            },
            "rotation": {
              "x": 0.0,
              "y": 0.0,
              "z": 0.0
            },
            "scaling": {
              "x": 1.0,
              "y": 1.0,
              "z": 1.0
            }
          },
          "name": "transform"
        }
      ],
      "guid": "73af9869-67df-c16c-35e2-49bada24d4e9",
      "isTerrain": true,
      "name": "Noisemap_Terrain_2",
      "terrainData": {
        "noisemapPath": "C:\\Users\\Maxim\\Dev\\2023_gp_2027_gp_2027_projet_moteur-golem\\GolemEditor\\Assets\\Heightmaps\\heightmap4.jpeg",
        "xResolution": 1920,
        "zResolution": 1320
      }
    },
    {
      "components": [
        {
          "data": {
            "globalPosition": {
              "x": 0.0,
              "y": 0.0,
              "z": 0.0
            },
            "guid": "8bf11cde-afbc-73f2-72ee-3bb5ce68bfdd",
            "localPosition": {
              "x": 0.0,
              "y": 0.0,
              "z": 0.0
            },
            "rotation": {
              "x": 0.0,
              "y": 10.199999809265137,
              "z": 0.0
            },
            "scaling": {
              "x": 2.200000047683716,
              "y": 1.0,
              "z": 1.0
            }
          },
          "name": "transform"
        }
      ],
      "guid": "e278bd42-ad6c-e84d-bfce-2d7b1c3a3af3",
      "isTerrain": true,
      "name": "Default_Terrain_2",
      "terrainData": {
        "noisemapPath": "",
        "xResolution": 4,
        "zResolution": 4
      }
    }
  ],
  "guid": "48ac32e4-fdcb-6970-fb59-5164bd7f34a5",
  "name": "scene_0"
}