{
  "gameObjects": [
    {
      "components": [
        {
          "data": {
            "globalPosition": {
              "x": 4.0,
              "y": 1.7000000476837158,
              "z": 1.100000023841858
            },
            "guid": "ebf4fdd8-1146-9e59-899f-afd0dacb47c2",
            "localPosition": {
              "x": 4.0,
              "y": 1.7000000476837158,
              "z": 1.100000023841858
            },
            "rotation": {
              "x": 2.9000000953674316,
              "y": 2.4000000953674316,
              "z": 3.4000000953674316
            },
            "scaling": {
              "x": 3.700000047683716,
              "y": 5.800000190734863,
              "z": 2.5
            }
          },
          "name": "transform"
        },
        {
          "data": {
            "ambientColor": {
              "w": 1.0,
              "x": 0.20000000298023224,
              "y": -2.700000047683716,
              "z": -2.0999999046325684
            },
            "diffuseColor": {
              "w": 1.0,
              "x": 1.2999999523162842,
              "y": 4.199999809265137,
              "z": 3.5
            },
            "direction": {
              "x": 1.600000023841858,
              "y": -0.20000000298023224,
              "z": 0.0
            },
            "id": 0,
            "specularColor": {
              "w": 1.0,
              "x": 5.699999809265137,
              "y": 1.0,
              "z": 1.7999999523162842
            }
          },
          "name": "directionalLight"
        }
      ],
      "guid": "3c435c8b-4ac2-0a4e-627c-e9b22db24b94",
      "isTerrain": false,
      "name": "World"
    },
    {
      "components": [
        {
          "data": {
            "globalPosition": {
              "x": 4.0,
              "y": 1.7000000476837158,
              "z": 1.100000023841858
            },
            "guid": "c61e0998-bcab-3d56-d6d6-36b13a24fb08",
            "localPosition": {
              "x": 0.0,
              "y": 0.0,
              "z": 0.0
            },
            "rotation": {
              "x": 0.0,
              "y": 0.0,
              "z": 0.0
            },
            "scaling": {
              "x": 1.0,
              "y": 1.0,
              "z": 1.0
            }
          },
          "name": "transform"
        },
        {
          "data": {
            "modelPath": "C:\\Users\\Maxim\\Dev\\2023_gp_2027_gp_2027_projet_moteur-golem\\GolemEditor\\Assets\\One_For_All\\Meshes\\viking_room.obj",
            "shaderPath": "",
            "texturePath": "C:\\Users\\Maxim\\Dev\\2023_gp_2027_gp_2027_projet_moteur-golem\\GolemEditor\\Assets\\One_For_All\\Textures\\viking_room.jpg"
          },
          "name": "meshRenderer"
        }
      ],
      "guid": "b71ef7f0-514d-a314-a0f4-e34c69595a3f",
      "isTerrain": false,
      "name": "viking"
    },
    {
      "components": [
        {
          "data": {
            "globalPosition": {
              "x": 15.070743560791016,
              "y": 2.3577232360839844,
              "z": 0.6351801753044128
            },
            "guid": "3adbc394-52b5-4db3-fc13-6c5cc1944323",
            "localPosition": {
              "x": 3.0,
              "y": 0.0,
              "z": 0.0
            },
            "rotation": {
              "x": 0.0,
              "y": 0.0,
              "z": 0.0
            },
            "scaling": {
              "x": 1.0,
              "y": 1.0,
              "z": 1.0
            }
          },
          "name": "transform"
        },
        {
          "data": {
            "modelPath": "C:\\Users\\Maxim\\Dev\\2023_gp_2027_gp_2027_projet_moteur-golem\\GolemEditor\\Assets\\Basics\\sphere.obj",
            "shaderPath": "",
            "texturePath": "C:\\Users\\Maxim\\Dev\\2023_gp_2027_gp_2027_projet_moteur-golem\\GolemEditor\\Assets\\One_For_All\\Textures\\all_bald.jpg"
          },
          "name": "meshRenderer"
        }
      ],
      "guid": "9cee15c3-7224-92ce-c8c1-87df2163ae64",
      "isTerrain": false,
      "name": "ball_bald"
    }
  ],
  "guid": "f45c8b6c-e6f7-519d-d8d5-bad3a44605be",
  "name": "scene_0"
}