{
  "gameObjects": [
    {
      "components": [
        {
          "transform": {
            "globalPosition": {
              "x": 0.0,
              "y": 0.0,
              "z": 0.0
            },
            "guid": "416533d5-128d-dd67-682f-b2096d40b6ac",
            "localPosition": {
              "x": 0.0,
              "y": 0.0,
              "z": 0.0
            },
            "rotation": {
              "x": 0.0,
              "y": 0.0,
              "z": 0.0
            },
            "scaling": {
              "x": 1.0,
              "y": 1.0,
              "z": 1.0
            }
          }
        },
        {
          "directionalLight": {
            "ambientColor": {
              "w": 1.0,
              "x": 1.0,
              "y": 1.0,
              "z": 1.0
            },
            "diffuseColor": {
              "w": 1.0,
              "x": 1.0,
              "y": 1.0,
              "z": 1.0
            },
            "direction": {
              "x": 0.0,
              "y": 0.0,
              "z": 0.0
            },
            "id": 0,
            "specularColor": {
              "w": 1.0,
              "x": 1.0,
              "y": 1.0,
              "z": 1.0
            }
          }
        }
      ],
      "guid": "64cc98f1-dd02-4eaf-9d52-859a6efcad2e",
      "name": "World",
      "transform": {
        "globalPosition": {
          "x": 0.0,
          "y": 0.0,
          "z": 0.0
        },
        "guid": "416533d5-128d-dd67-682f-b2096d40b6ac",
        "localPosition": {
          "x": 0.0,
          "y": 0.0,
          "z": 0.0
        },
        "rotation": {
          "x": 0.0,
          "y": 0.0,
          "z": 0.0
        },
        "scaling": {
          "x": 1.0,
          "y": 1.0,
          "z": 1.0
        }
      }
    },
    {
      "components": [
        {
          "transform": {
            "globalPosition": {
              "x": 2.4000000953674316,
              "y": 1.0,
              "z": 1.0
            },
            "guid": "9102beb6-105f-95dc-db7a-d1d53cebbedc",
            "localPosition": {
              "x": 2.4000000953674316,
              "y": 1.0,
              "z": 1.0
            },
            "rotation": {
              "x": 0.0,
              "y": 0.699999988079071,
              "z": -1.7000000476837158
            },
            "scaling": {
              "x": 1.600000023841858,
              "y": 1.7000000476837158,
              "z": 0.10000000149011612
            }
          }
        },
        null,
        {
          "pointLight": {
            "ambientColor": {
              "w": 1.0,
              "x": 1.0,
              "y": 0.5,
              "z": 1.0
            },
            "constant": 1.0,
            "diffuseColor": {
              "w": 1.0,
              "x": 1.0,
              "y": 1.0,
              "z": 0.699999988079071
            },
            "id": 0,
            "linear": 0.5059999823570251,
            "position": {
              "x": 2.4000000953674316,
              "y": 1.0,
              "z": 1.0
            },
            "quadratic": 0.527999997138977,
            "specularColor": {
              "w": 1.0,
              "x": 1.0,
              "y": 2.0,
              "z": 1.2000000476837158
            }
          }
        },
        {
          "spotLight": {
            "ambientColor": {
              "w": 1.0,
              "x": 1.0,
              "y": 1.0,
              "z": 1.0
            },
            "constant": 1.0,
            "cutOff": 13.0,
            "diffuseColor": {
              "w": 1.0,
              "x": 1.0,
              "y": 1.0,
              "z": 1.0
            },
            "direction": {
              "x": 1.0,
              "y": 1.2999999523162842,
              "z": 0.0
            },
            "id": 0,
            "linear": 0.5360000133514404,
            "outerCutOff": 10.0,
            "position": {
              "x": 2.4000000953674316,
              "y": 1.0,
              "z": 1.0
            },
            "specularColor": {
              "w": 1.0,
              "x": 1.0,
              "y": 1.0,
              "z": 1.0
            }
          }
        },
        {
          "directionalLight": {
            "ambientColor": {
              "w": 1.0,
              "x": 1.0,
              "y": 1.0,
              "z": 1.100000023841858
            },
            "diffuseColor": {
              "w": 1.0,
              "x": 1.0,
              "y": 0.8999999761581421,
              "z": 1.0
            },
            "direction": {
              "x": 0.0,
              "y": -4.300000190734863,
              "z": 0.0
            },
            "id": 1,
            "specularColor": {
              "w": 1.0,
              "x": 1.0,
              "y": 1.0,
              "z": 1.0
            }
          }
        }
      ],
      "guid": "bd723e5d-0681-b355-1d36-15f0938ad88b",
      "name": "cube",
      "transform": {
        "globalPosition": {
          "x": 2.4000000953674316,
          "y": 1.0,
          "z": 1.0
        },
        "guid": "9102beb6-105f-95dc-db7a-d1d53cebbedc",
        "localPosition": {
          "x": 2.4000000953674316,
          "y": 1.0,
          "z": 1.0
        },
        "parentGuid": "416533d5-128d-dd67-682f-b2096d40b6ac",
        "rotation": {
          "x": 0.0,
          "y": 0.699999988079071,
          "z": -1.7000000476837158
        },
        "scaling": {
          "x": 1.600000023841858,
          "y": 1.7000000476837158,
          "z": 0.10000000149011612
        }
      }
    },
    {
      "components": [
        {
          "transform": {
            "globalPosition": {
              "x": 2.4000000953674316,
              "y": 1.0,
              "z": 1.0
            },
            "guid": "9102beb6-105f-95dc-db7a-d1d53cebbedc",
            "localPosition": {
              "x": 2.4000000953674316,
              "y": 1.0,
              "z": 1.0
            },
            "rotation": {
              "x": 0.0,
              "y": 0.699999988079071,
              "z": -1.7000000476837158
            },
            "scaling": {
              "x": 1.600000023841858,
              "y": 1.7000000476837158,
              "z": 0.10000000149011612
            }
          }
        },
        null,
        {
          "pointLight": {
            "ambientColor": {
              "w": 1.0,
              "x": 1.0,
              "y": 0.5,
              "z": 1.0
            },
            "constant": 1.0,
            "diffuseColor": {
              "w": 1.0,
              "x": 1.0,
              "y": 1.0,
              "z": 0.699999988079071
            },
            "id": 0,
            "linear": 0.5059999823570251,
            "position": {
              "x": 2.4000000953674316,
              "y": 1.0,
              "z": 1.0
            },
            "quadratic": 0.527999997138977,
            "specularColor": {
              "w": 1.0,
              "x": 1.0,
              "y": 2.0,
              "z": 1.2000000476837158
            }
          }
        },
        {
          "spotLight": {
            "ambientColor": {
              "w": 1.0,
              "x": 1.0,
              "y": 1.0,
              "z": 1.0
            },
            "constant": 1.0,
            "cutOff": 13.0,
            "diffuseColor": {
              "w": 1.0,
              "x": 1.0,
              "y": 1.0,
              "z": 1.0
            },
            "direction": {
              "x": 1.0,
              "y": 1.2999999523162842,
              "z": 0.0
            },
            "id": 0,
            "linear": 0.5360000133514404,
            "outerCutOff": 10.0,
            "position": {
              "x": 2.4000000953674316,
              "y": 1.0,
              "z": 1.0
            },
            "specularColor": {
              "w": 1.0,
              "x": 1.0,
              "y": 1.0,